question,answer
What disease is caused by campylobacter but not shigella?,campylobacteriosis
What disease is caused by campylobacter but not escherichia coli?,campylobacteriosis
What disease is caused by campylobacter but not salmonella?,campylobacteriosis
What disease is caused by shigella but not campylobacter?,shigellosis
What disease is caused by shigella but not escherichia coli?,shigellosis
What disease is caused by shigella but not salmonella?,shigellosis
What disease is caused by salmonella but not campylobacter?,salmonellosis
What disease is caused by salmonella but not shigella?,salmonellosis
What disease is caused by salmonella but not escherichia coli?,salmonellosis
