,document_number,question,answer,num_hops,num_set_operations,multiple_answers
981,60,"who is the senior vice president and treasurer of leidos holdings, inc.",marc h. crown,2,1,0
982,60,who is the assistant vice president of the company where harry yergey is employed,caroline smith,3,0,0
983,60,who is the assistant vice president of the company where michael maguire is employed,caroline smith,3,0,0
984,60,who is the assistant vice president of the company where patrick hartweger is employed,caroline smith,3,0,0
985,60,who is the executive director of the company which is the documentation agents in the agreement,anthony galea,3,0,0
986,60,who is the executive director of the company which is the managing agents in the agreement,anthony galea,3,0,0
987,60,who is the senior vice president of the company which is the holdings in the agreement,marc h. crown,3,0,0
988,60,who is the treasurer of the company which is the holdings in the agreement,marc h. crown,3,0,0
989,60,who is the assistant vice president of the company which is the documentation agents in the agreement,stephanie herndon,3,0,0
990,60,who is the assistant vice president of the company which is the managing agents in the agreement,stephanie herndon,3,0,0
991,60,"what role does bank of montreal have in the agreement which is not the role of mizuho bank, ltd.",bookrunners,2,1,0
992,60,"what role does bofa securities, inc. have in the agreement which is not the role of mizuho bank, ltd.",bookrunners,2,1,0
993,60,"what role does citibank, n.a. have in the agreement which is not the role of mizuho bank, ltd.",bookrunners,2,1,0
994,60,"what role does jpmorgan chase bank, n.a. have in the agreement which is not the role of mizuho bank, ltd.",bookrunners,2,1,0
995,60,"what role does mufg bank, ltd. have in the agreement which is not the role of mizuho bank, ltd.",bookrunners,2,1,0
996,60,"what role does u.s. bank national association have in the agreement which is not the role of mizuho bank, ltd.",bookrunners,2,1,0
997,60,"what role does wells fargo securities llc have in the agreement which is not the role of mizuho bank, ltd.",bookrunners,2,1,0
998,60,what company is the lead arrangers but not the bookrunners in the agreement,"ltd., mizuho bank",2,1,0
1149,66,"who is the director and svp of bank of america, n.a.",ronnie glenn,2,1,0
1150,66,"who is the cfo and treasurer of icu medical, inc.",brian m. bonnell,2,1,0
1151,66,"who is the cfo and treasurer of exc holding corp.tangent medical technologies, inc.excelsior medical corporationicu world, inc.",brian m. bonnell,2,1,0
1152,66,who is the svp of the company which is the issuing lender in the agreement,ronnie glenn,3,0,0
1153,66,who is the svp of the company which is the swingline lender in the agreement,ronnie glenn,3,0,0
1154,66,who is the svp of the company which is the term loan a lender in the agreement,ronnie glenn,3,0,0
1155,66,who is the duly authorized signatory of the company which is the issuing lender in the agreement,karen m. dahlquist,3,0,0
1156,66,who is the duly authorized signatory of the company which is the swingline lender in the agreement,karen m. dahlquist,3,0,0
1157,66,who is the duly authorized signatory of the company which is the term loan a lender in the agreement,karen m. dahlquist,3,0,0
1158,66,who is the authorized signer of the company which is the issuing lender in the agreement,james riley,3,0,0
1159,66,who is the authorized signer of the company which is the swingline lender in the agreement,james riley,3,0,0
1160,66,who is the authorized signer of the company which is the term loan a lender in the agreement,james riley,3,0,0
1161,66,who is the authorized signer of the company which is the revolver in the agreement,james riley,3,0,0
1162,66,who is the cfo of the company which is the borrower in the agreement,brian m. bonnell,3,0,0
1163,66,who is the treasurer of the company which is the borrower in the agreement,brian m. bonnell,3,0,0
1164,66,who is the authorized officer of the company which is the issuing lender in the agreement,erik barragan,3,0,0
1165,66,who is the authorized officer of the company which is the swingline lender in the agreement,erik barragan,3,0,0
1166,66,who is the authorized officer of the company which is the term loan a lender in the agreement,erik barragan,3,0,0
1167,66,"what role does bnp paribas securities corp. have in the agreement which is not the role of keybanc capital markets, inc.",syndication agents,2,1,0
1168,66,"what role does bnp paribas securities corp. have in the agreement which is not the role of wells fargo securities, llc",syndication agents,2,1,0
1169,66,"what role does bank of the west have in the agreement which is not the role of keybanc capital markets, inc.",syndication agents,2,1,0
1170,66,"what role does bank of the west have in the agreement which is not the role of wells fargo securities, llc",syndication agents,2,1,0
1171,66,"what role does barclays bank plc have in the agreement which is not the role of keybanc capital markets, inc.",syndication agents,2,1,0
1172,66,"what role does barclays bank plc have in the agreement which is not the role of wells fargo securities, llc",syndication agents,2,1,0
1173,66,"what role does bofa securities, inc. have in the agreement which is not the role of keybanc capital markets, inc.",syndication agents,2,1,0
1174,66,"what role does bofa securities, inc. have in the agreement which is not the role of wells fargo securities, llc",syndication agents,2,1,0
1175,66,"what role does citigroup global markets inc. have in the agreement which is not the role of keybanc capital markets, inc.",syndication agents,2,1,0
1176,66,"what role does citigroup global markets inc. have in the agreement which is not the role of wells fargo securities, llc",syndication agents,2,1,0
1177,66,"what role does u.s. bank national association have in the agreement which is not the role of wells fargo securities, llc",syndication agents,2,1,0
1178,66,"what role does citibank n.a. have in the agreement which is not the role of mufg bank, ltd.",revolver,2,1,0
1179,66,"what role does citibank n.a. have in the agreement which is not the role of wells fargo bank, national association",revolver,2,1,0
1180,66,what company is the syndication agents but not the lead arrangers in the agreement,keybanc capital markets,2,1,0
1181,66,what company is the syndication agents but not the bookrunners in the agreement,keybanc capital markets,2,1,0
1213,9,who is the chief financial officer and senior vice president of middletown cogeneration company llc,mark e. newman,2,1,0
1214,9,who is the chief financial officer and treasurer of middletown cogeneration company llc,mark e. newman,2,1,0
1215,9,who is the senior vice president and treasurer of middletown cogeneration company llc,mark e. newman,2,1,0
1216,9,"who is the chief financial officer and senior vice president of suncoke energy partners, l.p.",mark e. newman,2,1,0
1217,9,"who is the chief financial officer and treasurer of suncoke energy partners, l.p.",mark e. newman,2,1,0
1218,9,"who is the senior vice president and treasurer of suncoke energy partners, l.p.",mark e. newman,2,1,0
1219,9,"who is the treasurer of the company associated with 1011 warrenville road suite 600 lisle, il 60532",mark e. newman,3,0,0
1220,9,"who is the chief financial officer of the company associated with 1011 warrenville road suite 600 lisle, il 60532",mark e. newman,3,0,0
1221,9,"who is the treasurer of the company associated with 500 stanton christiana road, ops 2, floor 3 newark, delaware 19713 2107",mark e. newman,3,0,0
1222,9,"who is the chief financial officer of the company associated with 500 stanton christiana road, ops 2, floor 3 newark, delaware 19713 2107",mark e. newman,3,0,0
1223,9,who is the executive director of the company where ido yehuda is employed,peter predun,3,0,0
1224,9,who is the chief financial officer of the company where eric searls is employed,mark e. newman,3,0,0
1225,9,who is the treasurer of the company where eric searls is employed,mark e. newman,3,0,0
1226,9,who is the chief financial officer of the company where denise r. cade is employed,mark e. newman,3,0,0
1227,9,who is the treasurer of the company where denise r. cade is employed,mark e. newman,3,0,0
1228,9,who is the chief financial officer of the company where jonathan m. phillips is employed,mark e. newman,3,0,0
1229,9,who is the treasurer of the company where jonathan m. phillips is employed,mark e. newman,3,0,0
1230,9,who is the associate of the company which is the swing line lender in the agreement,wei jen yuan,3,0,0
1231,9,who is the vice president of the company which is the swing line lender in the agreement,raymond g. dunning,3,0,0
1232,9,who is the chief financial officer of the company which is the borrower in the agreement,mark e. newman,3,0,0
1233,9,who is the treasurer of the company which is the borrower in the agreement,mark e. newman,3,0,0
1234,9,who is the authorised signatory of the company which is the swing line lender in the agreement,brian d. williams,3,0,0
1235,9,who is the executive director of the company which is the administrative agent in the agreement,peter predun,3,0,0
1236,9,who is the executive director of the company which is the co documentation agent in the agreement,peter predun,3,0,0
1237,9,who is the executive director of the company which is the syndication agent in the agreement,peter predun,3,0,0
1238,9,who is the executive director of the company which is the swing line lender in the agreement,peter predun,3,0,0
1239,9,what role does barclays bank plc have in the agreement which is not the role of barclays bank plc,lead arrangers,2,1,0
1240,9,"what role does barclays bank plc have in the agreement which is not the role of jpmorgan chase bank, n.a.",lead arrangers,2,1,0
1241,9,what company is the administrative agent but not the co documentation agent in the agreement,jpmorgan chase bank,2,1,0
1242,9,what company is the administrative agent but not the syndication agent in the agreement,jpmorgan chase bank,2,1,0
1244,65,who is the svp of the company which is the revolving lender in the agreement,frank mccormack,3,0,0
1245,65,who is the svp of the company which is the swingline lender in the agreement,frank mccormack,3,0,0
1246,65,who is the managing director of the company which is the revolving lender in the agreement,brian d. corum,3,0,0
1247,65,who is the managing director of the company which is the swingline lender in the agreement,brian d. corum,3,0,0
1248,65,who is the director of the company which is the administrative agent in the agreement,sean mcwhinnie,3,0,0
1249,65,who is the director of the company which is the c issuer in the agreement,sean mcwhinnie,3,0,0
1250,65,who is the director of the company which is the revolving lender in the agreement,sean mcwhinnie,3,0,0
1251,65,who is the director of the company which is the swingline lender in the agreement,sean mcwhinnie,3,0,0
1252,65,who is the chief executive officer of the company which is the borrower in the agreement,mario c. kontomerkos,3,0,0
1561,47,"who is the chief financial officer and treasurer of the company associated with 1040 spring streetsilver spring, maryland 20910",james edgemond,3,0,0
1562,47,"who is the chief financial officer and treasurer of the company associated with 1735 connecticut avenue, n.w.washington, district of columbia 20009",james edgemond,3,0,0
1563,47,"who is the managing director of the company associated with 301 south college street, 14th floorcharlotte, nc 28202",kirk tesch,3,0,0
1564,47,"who is the managing director of the company associated with mac d1109 0191525 west w.t. harris blvd.charlotte, nc 28262",kirk tesch,3,0,0
1565,47,who is the vice president of the company which is the lender in the agreement,samuel coward,3,0,0
1566,47,who is the director of the company which is the bookrunners in the agreement,brian mcnany,3,0,0
1567,47,who is the director of the company which is the lender in the agreement,brian mcnany,3,0,0
1568,47,who is the director of the company which is the co syndication agents in the agreement,brian mcnany,3,0,0
1569,47,who is the chief financial officer and treasurer of the company which is the borrower in the agreement,james edgemond,3,0,0
1570,47,"who is the managing director of the company which is the administrative agent, in the agreement",kirk tesch,3,0,0
1571,47,who is the managing director of the company which is the lender in the agreement,kirk tesch,3,0,0
1572,47,"what role does merrill lynch, pierce, fenner smith incorporated, have in the agreement which is not the role of the bank of tokyo mitsubishi ufj, ltd.",lead arrangers,2,1,0
1573,47,"what role does merrill lynch, pierce, fenner smith incorporated, have in the agreement which is not the role of deutsche bank ag new york branch",bookrunners,2,1,0
1574,47,"what role does pnc capital markets llc, have in the agreement which is not the role of the bank of tokyo mitsubishi ufj, ltd.",lead arrangers,2,1,0
1575,47,"what role does pnc capital markets llc, have in the agreement which is not the role of deutsche bank ag new york branch",bookrunners,2,1,0
1576,47,"what role does wells fargo securities, llc, have in the agreement which is not the role of the bank of tokyo mitsubishi ufj, ltd.",lead arrangers,2,1,0
1577,47,"what role does wells fargo securities, llc, have in the agreement which is not the role of deutsche bank ag new york branch",bookrunners,2,1,0
1578,47,"what role does pnc bank, national association have in the agreement which is not the role of wells fargo bank, national association",co syndication agents,2,1,0
1579,47,"what role does the bank of tokyo mitsubishi ufj, ltd. have in the agreement which is not the role of bank of america, n.a.",bookrunners,2,1,0
1580,47,"what role does the bank of tokyo mitsubishi ufj, ltd. have in the agreement which is not the role of deutsche bank ag new york branch",bookrunners,2,1,0
1581,47,"what role does bank of america, n.a. have in the agreement which is not the role of wells fargo bank, national association",co syndication agents,2,1,0
1582,47,"what role does wells fargo bank, national association have in the agreement which is not the role of deutsche bank ag new york branch",administrative agent,2,1,0
1583,47,what company is the bookrunners but not the lead arrangers in the agreement,"ltd., the bank of tokyo mitsubishi ufj",2,1,0
1756,51,"who is the treasurer and vice president, finance of calpine corporation",zamir rauf,2,1,0
1757,51,"who is the vice president of the company associated with 1585 broadway new york, ny 10036",cody gunsch,3,0,0
1758,51,"who is the vice president, finance of the company associated with 717 texas avenue suite 1000 houston, tx 77002",zamir rauf,3,0,0
1759,51,"who is the treasurer of the company associated with 717 texas avenue suite 1000 houston, tx 77002",zamir rauf,3,0,0
1760,51,"who is the vp of the company associated with global trust services 350 california st., 11th floor san francisco, ca 94014",sonia flores,3,0,0
1761,51,who is the treasurer of the company which is the borrower in the agreement,zamir rauf,3,0,0
1762,51,"who is the vice president, finance of the company which is the borrower in the agreement",zamir rauf,3,0,0
1763,51,who is the vice president of the company which is the administrative agent in the agreement,cody gunsch,3,0,0
1764,51,who is the vice president of the company which is the collateral agent in the agreement,cody gunsch,3,0,0
1765,51,who is the vice president of the company which is the lead arrangers in the agreement,cody gunsch,3,0,0
1766,51,who is the vice president of the company which is the bookrunners in the agreement,cody gunsch,3,0,0
1767,51,who is the vice president of the company which is the lender in the agreement,cody gunsch,3,0,0
1768,51,who is the vp of the company which is the administrative agent in the agreement,sonia flores,3,0,0
1769,51,who is the vp of the company which is the collateral agent in the agreement,sonia flores,3,0,0
1780,45,"who is the chief financial officer of the company associated with 150 third avenue southnashville, tennessee 37201",harold r. carpenter,3,0,0
1781,45,"who is the client services representative of the company associated with 5065 wooster road, cn oh l2cbcincinnati, ohio 45226 2326",cynthia m. olson,3,0,0
1782,45,"who is the portfolio manager of the company associated with 5065 wooster road, cn oh l2cbcincinnati, ohio 45226 2326",eric niedbalski,3,0,0
1783,45,"who is the senior vice president of the company associated with 5065 wooster road, cn oh l2cbcincinnati, ohio 45226 2326",mark r. cousineau,3,0,0
1784,45,"who is the client services representative of the company associated with one u.s. bank plazast. louis, missouri 63101",cynthia m. olson,3,0,0
1785,45,"who is the portfolio manager of the company associated with one u.s. bank plazast. louis, missouri 63101",eric niedbalski,3,0,0
1786,45,"who is the senior vice president of the company associated with one u.s. bank plazast. louis, missouri 63101",mark r. cousineau,3,0,0
1787,45,who is the client services representative of the company where mark r. cousineau is employed,cynthia m. olson,3,0,0
1788,45,who is the portfolio manager of the company where mark r. cousineau is employed,eric niedbalski,3,0,0
1789,45,who is the client services representative of the company where eric niedbalski is employed,cynthia m. olson,3,0,0
1790,45,who is the senior vice president of the company where eric niedbalski is employed,mark r. cousineau,3,0,0
1791,45,"who is the portfolio manager of the company where cynthia m. olson, is employed",eric niedbalski,3,0,0
1792,45,"who is the senior vice president of the company where cynthia m. olson, is employed",mark r. cousineau,3,0,0
1793,45,who is the chief financial officer of the company which is the borrower in the agreement,harold r. carpenter,3,0,0
1794,45,who is the client services representative of the company which is the lender in the agreement,cynthia m. olson,3,0,0
1795,45,who is the portfolio manager of the company which is the lender in the agreement,eric niedbalski,3,0,0
1796,45,who is the senior vice president of the company which is the lender in the agreement,mark r. cousineau,3,0,0
2520,60,"what roles do both bank of america, n.a. and bank of montreal have in the agreement",documentation agent,1,1,1
2521,60,"what roles do both bank of america, n.a. and fifth third bank, national association have in the agreement",documentation agent,1,1,1
2522,60,"what roles do both bank of america, n.a. and goldman sachs bank usa have in the agreement",documentation agent,1,1,1
2523,60,"what roles do both bank of america, n.a. and pnc bank, national association have in the agreement",documentation agent,1,1,1
2524,60,"what roles do both bank of america, n.a. and td bank, n.a. have in the agreement",documentation agent,1,1,1
2525,60,"what roles do both bank of america, n.a. and u.s. bank national association have in the agreement",documentation agent,1,1,1
2526,60,"what roles do both bank of america, n.a. and wells fargo bank, national association have in the agreement",documentation agent,1,1,1
2527,60,"what roles do both bank of america, n.a. and jpmorgan chase bank, n.a have in the agreement",documentation agent,1,1,1
2528,60,"what roles do both bank of america, n.a. and regions bank have in the agreement",documentation agent,1,1,1
2529,60,"what roles do both bank of america, n.a. and mizuho bank, ltd. have in the agreement",documentation agent,1,1,1
2530,60,"what roles do both bank of america, n.a. and the bank of nova scotia have in the agreement",documentation agent,1,1,1
2531,60,"what roles do both bank of america, n.a. and capital one, national association have in the agreement",documentation agent,1,1,1
2532,60,"what roles do both bank of montreal and bofa securities, inc. have in the agreement","bookrunner, book manager, lead arranger",1,1,1
2533,60,"what roles do both bank of montreal and citibank, n.a. have in the agreement","bookrunner, book manager, lead arranger",1,1,1
2534,60,"what roles do both bank of montreal and fifth third bank, national association have in the agreement",documentation agent,1,1,1
2535,60,what roles do both bank of montreal and goldman sachs bank usa have in the agreement,documentation agent,1,1,1
2536,60,"what roles do both bank of montreal and jpmorgan chase bank, n.a. have in the agreement","bookrunner, book manager, lead arranger",1,1,1
2537,60,"what roles do both bank of montreal and mufg bank, ltd. have in the agreement","bookrunner, book manager, lead arranger",1,1,1
2538,60,"what roles do both bank of montreal and pnc bank, national association have in the agreement",documentation agent,1,1,1
2539,60,what roles do both bank of montreal and pnc capital markets llc have in the agreement,"bookrunner, book manager, lead arranger",1,1,1
2540,60,"what roles do both bank of montreal and td bank, n.a. have in the agreement",documentation agent,1,1,1
2541,60,what roles do both bank of montreal and u.s. bank national association have in the agreement,"bookrunner, book manager, lead arranger, documentation agent",1,1,1
2542,60,"what roles do both bank of montreal and wells fargo bank, national association have in the agreement",documentation agent,1,1,1
2543,60,what roles do both bank of montreal and wells fargo securities llc have in the agreement,"bookrunner, book manager, lead arranger",1,1,1
2544,60,"what roles do both bank of montreal and jpmorgan chase bank, n.a have in the agreement",documentation agent,1,1,1
2545,60,what roles do both bank of montreal and regions bank have in the agreement,documentation agent,1,1,1
2546,60,"what roles do both bank of montreal and mizuho bank, ltd. have in the agreement","lead arranger, lead bookrunner, documentation agent",1,1,1
2547,60,what roles do both bank of montreal and the bank of nova scotia have in the agreement,"bookrunner, book manager, lead arranger, documentation agent",1,1,1
2548,60,"what roles do both bank of montreal and capital one, national association have in the agreement","bookrunner, book manager, lead arranger, documentation agent",1,1,1
2549,60,"what roles do both bofa securities, inc. and citibank, n.a. have in the agreement","bookrunner, book manager, lead arranger",1,1,1
2550,60,"what roles do both bofa securities, inc. and mufg bank, ltd. have in the agreement","bookrunner, book manager, lead arranger",1,1,1
2551,60,"what roles do both bofa securities, inc. and pnc capital markets llc have in the agreement","bookrunner, book manager, lead arranger",1,1,1
2552,60,"what roles do both bofa securities, inc. and u.s. bank national association have in the agreement","bookrunner, book manager, lead arranger",1,1,1
2553,60,"what roles do both bofa securities, inc. and wells fargo securities llc have in the agreement","bookrunner, book manager, lead arranger",1,1,1
2554,60,"what roles do both bofa securities, inc. and mizuho bank, ltd. have in the agreement","lead arranger, lead bookrunner",1,1,1
2555,60,"what roles do both bofa securities, inc. and the bank of nova scotia have in the agreement","bookrunner, book manager, lead arranger",1,1,1
2556,60,"what roles do both bofa securities, inc. and capital one, national association have in the agreement","bookrunner, book manager, lead arranger",1,1,1
2557,60,"what roles do both citibank, n.a. and jpmorgan chase bank, n.a. have in the agreement","bookrunner, book manager, lead arranger",1,1,1
2558,60,"what roles do both citibank, n.a. and mufg bank, ltd. have in the agreement","bookrunner, book manager, lead arranger",1,1,1
2559,60,"what roles do both citibank, n.a. and pnc capital markets llc have in the agreement","bookrunner, book manager, lead arranger",1,1,1
2560,60,"what roles do both citibank, n.a. and u.s. bank national association have in the agreement","bookrunner, book manager, lead arranger",1,1,1
2561,60,"what roles do both citibank, n.a. and wells fargo securities llc have in the agreement","bookrunner, book manager, lead arranger",1,1,1
2562,60,"what roles do both citibank, n.a. and mizuho bank, ltd. have in the agreement","lead arranger, lead bookrunner",1,1,1
2563,60,"what roles do both citibank, n.a. and the bank of nova scotia have in the agreement","bookrunner, book manager, lead arranger",1,1,1
2564,60,"what roles do both citibank, n.a. and capital one, national association have in the agreement","bookrunner, book manager, lead arranger",1,1,1
2565,60,"what roles do both fifth third bank, national association and goldman sachs bank usa have in the agreement",documentation agent,1,1,1
2566,60,"what roles do both fifth third bank, national association and pnc bank, national association have in the agreement",documentation agent,1,1,1
2567,60,"what roles do both fifth third bank, national association and td bank, n.a. have in the agreement",documentation agent,1,1,1
2568,60,"what roles do both fifth third bank, national association and u.s. bank national association have in the agreement",documentation agent,1,1,1
2569,60,"what roles do both fifth third bank, national association and wells fargo bank, national association have in the agreement",documentation agent,1,1,1
2570,60,"what roles do both fifth third bank, national association and jpmorgan chase bank, n.a have in the agreement",documentation agent,1,1,1
2571,60,"what roles do both fifth third bank, national association and regions bank have in the agreement",documentation agent,1,1,1
2572,60,"what roles do both fifth third bank, national association and mizuho bank, ltd. have in the agreement",documentation agent,1,1,1
2573,60,"what roles do both fifth third bank, national association and the bank of nova scotia have in the agreement",documentation agent,1,1,1
2574,60,"what roles do both fifth third bank, national association and capital one, national association have in the agreement",documentation agent,1,1,1
2575,60,"what roles do both goldman sachs bank usa and pnc bank, national association have in the agreement",documentation agent,1,1,1
2576,60,"what roles do both goldman sachs bank usa and td bank, n.a. have in the agreement",documentation agent,1,1,1
2577,60,what roles do both goldman sachs bank usa and u.s. bank national association have in the agreement,documentation agent,1,1,1
2578,60,"what roles do both goldman sachs bank usa and wells fargo bank, national association have in the agreement",documentation agent,1,1,1
2579,60,"what roles do both goldman sachs bank usa and jpmorgan chase bank, n.a have in the agreement",documentation agent,1,1,1
2580,60,what roles do both goldman sachs bank usa and regions bank have in the agreement,documentation agent,1,1,1
2581,60,"what roles do both goldman sachs bank usa and mizuho bank, ltd. have in the agreement",documentation agent,1,1,1
2582,60,what roles do both goldman sachs bank usa and the bank of nova scotia have in the agreement,documentation agent,1,1,1
2583,60,"what roles do both goldman sachs bank usa and capital one, national association have in the agreement",documentation agent,1,1,1
2584,60,"what roles do both jpmorgan chase bank, n.a. and mufg bank, ltd. have in the agreement","bookrunner, book manager, lead arranger",1,1,1
2585,60,"what roles do both jpmorgan chase bank, n.a. and pnc capital markets llc have in the agreement","bookrunner, book manager, lead arranger",1,1,1
2586,60,"what roles do both jpmorgan chase bank, n.a. and u.s. bank national association have in the agreement","bookrunner, book manager, lead arranger",1,1,1
2587,60,"what roles do both jpmorgan chase bank, n.a. and wells fargo securities llc have in the agreement","bookrunner, book manager, lead arranger",1,1,1
2588,60,"what roles do both jpmorgan chase bank, n.a. and mizuho bank, ltd. have in the agreement","lead arranger, lead bookrunner",1,1,1
2589,60,"what roles do both jpmorgan chase bank, n.a. and the bank of nova scotia have in the agreement","bookrunner, book manager, lead arranger",1,1,1
2590,60,"what roles do both jpmorgan chase bank, n.a. and capital one, national association have in the agreement","bookrunner, book manager, lead arranger",1,1,1
2591,60,"what roles do both mufg bank, ltd. and pnc capital markets llc have in the agreement","bookrunner, book manager, lead arranger",1,1,1
2592,60,"what roles do both mufg bank, ltd. and u.s. bank national association have in the agreement","bookrunner, book manager, lead arranger",1,1,1
2593,60,"what roles do both mufg bank, ltd. and wells fargo securities llc have in the agreement","bookrunner, book manager, lead arranger",1,1,1
2594,60,"what roles do both mufg bank, ltd. and mizuho bank, ltd. have in the agreement","lead arranger, lead bookrunner",1,1,1
2595,60,"what roles do both mufg bank, ltd. and the bank of nova scotia have in the agreement","bookrunner, book manager, lead arranger",1,1,1
2596,60,"what roles do both mufg bank, ltd. and capital one, national association have in the agreement","bookrunner, book manager, lead arranger",1,1,1
2597,60,"what roles do both pnc bank, national association and td bank, n.a. have in the agreement",documentation agent,1,1,1
2598,60,"what roles do both pnc bank, national association and u.s. bank national association have in the agreement",documentation agent,1,1,1
2599,60,"what roles do both pnc bank, national association and wells fargo bank, national association have in the agreement",documentation agent,1,1,1
2600,60,"what roles do both pnc bank, national association and jpmorgan chase bank, n.a have in the agreement",documentation agent,1,1,1
2601,60,"what roles do both pnc bank, national association and regions bank have in the agreement",documentation agent,1,1,1
2602,60,"what roles do both pnc bank, national association and mizuho bank, ltd. have in the agreement",documentation agent,1,1,1
2603,60,"what roles do both pnc bank, national association and the bank of nova scotia have in the agreement",documentation agent,1,1,1
2604,60,"what roles do both pnc bank, national association and capital one, national association have in the agreement",documentation agent,1,1,1
2605,60,what roles do both pnc capital markets llc and u.s. bank national association have in the agreement,"bookrunner, book manager, lead arranger",1,1,1
2606,60,what roles do both pnc capital markets llc and wells fargo securities llc have in the agreement,"bookrunner, book manager, lead arranger",1,1,1
2607,60,what roles do both pnc capital markets llc and the bank of nova scotia have in the agreement,"bookrunner, book manager, lead arranger",1,1,1
2608,60,"what roles do both pnc capital markets llc and capital one, national association have in the agreement","bookrunner, book manager, lead arranger",1,1,1
2609,60,"what roles do both td bank, n.a. and u.s. bank national association have in the agreement",documentation agent,1,1,1
2610,60,"what roles do both td bank, n.a. and wells fargo bank, national association have in the agreement",documentation agent,1,1,1
2611,60,"what roles do both td bank, n.a. and jpmorgan chase bank, n.a have in the agreement",documentation agent,1,1,1
2612,60,"what roles do both td bank, n.a. and regions bank have in the agreement",documentation agent,1,1,1
2613,60,"what roles do both td bank, n.a. and mizuho bank, ltd. have in the agreement",documentation agent,1,1,1
2614,60,"what roles do both td bank, n.a. and the bank of nova scotia have in the agreement",documentation agent,1,1,1
2615,60,"what roles do both td bank, n.a. and capital one, national association have in the agreement",documentation agent,1,1,1
2616,60,"what roles do both u.s. bank national association and wells fargo bank, national association have in the agreement",documentation agent,1,1,1
2617,60,what roles do both u.s. bank national association and wells fargo securities llc have in the agreement,"bookrunner, book manager, lead arranger",1,1,1
2618,60,"what roles do both u.s. bank national association and jpmorgan chase bank, n.a have in the agreement",documentation agent,1,1,1
2619,60,what roles do both u.s. bank national association and regions bank have in the agreement,documentation agent,1,1,1
2620,60,"what roles do both u.s. bank national association and mizuho bank, ltd. have in the agreement","lead arranger, lead bookrunner, documentation agent",1,1,1
2621,60,what roles do both u.s. bank national association and the bank of nova scotia have in the agreement,"bookrunner, book manager, lead arranger, documentation agent",1,1,1
2622,60,"what roles do both u.s. bank national association and capital one, national association have in the agreement","bookrunner, book manager, lead arranger, documentation agent",1,1,1
2623,60,"what roles do both wells fargo bank, national association and jpmorgan chase bank, n.a have in the agreement",documentation agent,1,1,1
2624,60,"what roles do both wells fargo bank, national association and regions bank have in the agreement",documentation agent,1,1,1
2625,60,"what roles do both wells fargo bank, national association and mizuho bank, ltd. have in the agreement",documentation agent,1,1,1
2626,60,"what roles do both wells fargo bank, national association and the bank of nova scotia have in the agreement",documentation agent,1,1,1
2627,60,"what roles do both wells fargo bank, national association and capital one, national association have in the agreement",documentation agent,1,1,1
2628,60,"what roles do both wells fargo securities llc and mizuho bank, ltd. have in the agreement","lead arranger, lead bookrunner",1,1,1
2629,60,what roles do both wells fargo securities llc and the bank of nova scotia have in the agreement,"bookrunner, book manager, lead arranger",1,1,1
2630,60,"what roles do both wells fargo securities llc and capital one, national association have in the agreement","bookrunner, book manager, lead arranger",1,1,1
2631,60,"what roles do both jpmorgan chase bank, n.a and regions bank have in the agreement",documentation agent,1,1,1
2632,60,"what roles do both jpmorgan chase bank, n.a and mizuho bank, ltd. have in the agreement",documentation agent,1,1,1
2633,60,"what roles do both jpmorgan chase bank, n.a and the bank of nova scotia have in the agreement",documentation agent,1,1,1
2634,60,"what roles do both jpmorgan chase bank, n.a and capital one, national association have in the agreement",documentation agent,1,1,1
2635,60,"what roles do both regions bank and mizuho bank, ltd. have in the agreement",documentation agent,1,1,1
2636,60,what roles do both regions bank and the bank of nova scotia have in the agreement,documentation agent,1,1,1
2637,60,"what roles do both regions bank and capital one, national association have in the agreement",documentation agent,1,1,1
2638,60,"what roles do both mizuho bank, ltd. and the bank of nova scotia have in the agreement","lead arranger, lead bookrunner, documentation agent",1,1,1
2639,60,"what roles do both mizuho bank, ltd. and capital one, national association have in the agreement","lead arranger, lead bookrunner, documentation agent",1,1,1
2640,60,"what roles do both the bank of nova scotia and capital one, national association have in the agreement","bookrunner, book manager, lead arranger, documentation agent",1,1,1
2641,60,which companies are both the documentation agent and the agent in the agreement,"n.a, ltd., td bank, pnc bank, capital one, mizuho bank, regions bank, bank of america, bank of montreal, fifth third bank, wells fargo bank, jpmorgan chase bank, national association, goldman sachs bank usa, the bank of nova scotia",1,1,1
2642,60,which companies are both the bookrunner and the bookrunner in the agreement,"ltd., inc., n.a., citibank, mufg bank, capital one, bofa securities, bank of montreal, jpmorgan chase bank, national association, pnc capital markets llc, the bank of nova scotia, wells fargo securities llc",1,1,1
2643,60,which companies are both the lead bookrunner and the bookrunner in the agreement,"ltd., inc., n.a., citibank, mufg bank, capital one, mizuho bank, bofa securities, bank of montreal, jpmorgan chase bank, national association, the bank of nova scotia, wells fargo securities llc",1,1,1
2644,60,which companies are both the lead arranger and the arranger in the agreement,"ltd., inc., n.a., citibank, mufg bank, capital one, mizuho bank, bofa securities, bank of montreal, jpmorgan chase bank, national association, the bank of nova scotia, wells fargo securities llc",1,1,1
2645,60,which companies are both the bookrunners and the bookrunners in the agreement,"ltd., inc., n.a., citibank, mufg bank, capital one, bofa securities, bank of montreal, jpmorgan chase bank, national association, pnc capital markets llc, the bank of nova scotia, wells fargo securities llc",1,1,1
2646,60,which companies are both the lead arranger and the lead arranger in the agreement,"ltd., inc., n.a., citibank, mufg bank, capital one, bofa securities, bank of montreal, jpmorgan chase bank, national association, pnc capital markets llc, the bank of nova scotia, wells fargo securities llc",1,1,1
2647,60,which companies are both the book runner and the book runner in the agreement,"ltd., inc., n.a., citibank, mufg bank, capital one, bofa securities, bank of montreal, jpmorgan chase bank, national association, pnc capital markets llc, the bank of nova scotia, wells fargo securities llc",1,1,1
2648,60,which companies are both the book manager and the book manager in the agreement,"ltd., inc., n.a., citibank, mufg bank, capital one, bofa securities, bank of montreal, jpmorgan chase bank, national association, pnc capital markets llc, the bank of nova scotia, wells fargo securities llc",1,1,1
2649,60,"who are the authorized signatorys of mizuho bank, ltd.","tracy rahn, ryan durkin",2,0,1
2650,60,who are the directors of the bank of nova scotia,"jason rinne, greg strauss, oscar cortez",2,0,1
2651,60,who are the managing directors of bank of the west,"harry yergey, michael maguire, patrick hartweger",2,0,1
2652,60,"who are the senior vice presidents of capital one, national association","joshua dearmon, eric h. williams, bernadette collins, michael s. barnett",2,0,1
2653,60,"who are the vice presidents of city national bank, a national banking association","laura dodd, lukas coleman, susan m. olsen, thor o connell",2,0,1
2654,60,what are the roles in the agreement of the company where anthony galea is employed,"agents, documentation agent",2,0,1
2655,60,what are the roles in the agreement of the company where stephanie herndon is employed,"agents, documentation agent",2,0,1
2656,60,what are the roles in the agreement of the company where ryan durkin is employed,"agents, arrangers, lead arranger, lead bookrunner, documentation agent",2,0,1
2657,60,what are the roles in the agreement of the company where tracy rahn is employed,"agents, arrangers, lead arranger, lead bookrunner, documentation agent",2,0,1
2658,60,what are the roles in the agreement of the company where jason rinne is employed,"agents, arrangers, bookrunner, book manager, lead arranger, documentation agent",2,0,1
2659,60,what are the roles in the agreement of the company where oscar cortez is employed,"agents, arrangers, bookrunner, book manager, lead arranger, documentation agent",2,0,1
2660,60,what are the roles in the agreement of the company where greg strauss is employed,"agents, arrangers, bookrunner, book manager, lead arranger, documentation agent",2,0,1
2661,60,what are the roles in the agreement of the company where joshua dearmon is employed,"agents, arrangers, bookrunner, book manager, lead arranger, documentation agent",2,0,1
2662,60,what are the roles in the agreement of the company where bernadette collins is employed,"agents, arrangers, bookrunner, book manager, lead arranger, documentation agent",2,0,1
2663,60,what are the roles in the agreement of the company where michael s. barnett is employed,"agents, arrangers, bookrunner, book manager, lead arranger, documentation agent",2,0,1
2664,60,what are the roles in the agreement of the company where eric h. williams is employed,"agents, arrangers, bookrunner, book manager, lead arranger, documentation agent",2,0,1
2665,60,what are the roles in the agreement of the company associated with bank of montreal,"agents, arrangers, bookrunners",2,0,1
2666,60,"what are the roles in the agreement of the company associated with bofa securities, inc.","arrangers, bookrunners",2,0,1
2667,60,"what are the roles in the agreement of the company associated with citibank, n.a.","arrangers, bookrunners",2,0,1
2668,60,"what are the roles in the agreement of the company associated with mufg bank, ltd.","arrangers, bookrunners",2,0,1
2669,60,what are the roles in the agreement of the company associated with u.s. bank national association,"agents, arrangers, bookrunners",2,0,1
2670,60,what are the roles in the agreement of the company associated with wells fargo securities llc,"arrangers, bookrunners",2,0,1
2671,60,"what are the roles in the agreement of the company associated with mizuho bank, ltd.","agents, arrangers",2,0,1
2672,60,what are the roles in the agreement of the company associated with the bank of nova scotia,"agents, arrangers, bookrunners",2,0,1
2673,60,"what are the roles in the agreement of the company associated with capital one, national association","agents, arrangers, bookrunners",2,0,1
2809,66,what roles do both bnp paribas securities corp. and bank of the west have in the agreement,"bookrunner, book manager, lead arranger",1,1,1
2810,66,what roles do both bnp paribas securities corp. and barclays bank plc have in the agreement,"bookrunner, book manager, lead arranger",1,1,1
2811,66,"what roles do both bnp paribas securities corp. and bofa securities, inc. have in the agreement","bookrunner, book manager, lead arranger",1,1,1
2812,66,what roles do both bnp paribas securities corp. and citigroup global markets inc. have in the agreement,"bookrunner, book manager, lead arranger",1,1,1
2813,66,"what roles do both bnp paribas securities corp. and keybanc capital markets, inc. have in the agreement","bookrunner, book manager, lead arranger",1,1,1
2814,66,what roles do both bnp paribas securities corp. and u.s. bank national association have in the agreement,"bookrunner, book manager, lead arranger",1,1,1
2815,66,"what roles do both bnp paribas securities corp. and wells fargo securities, llc have in the agreement","bookrunner, book manager, lead arranger",1,1,1
2816,66,"what roles do both bnp paribas securities corp. and mufg bank, ltd. have in the agreement","bookrunner, book manager, lead arranger",1,1,1
2817,66,what roles do both bank of the west and barclays bank plc have in the agreement,"bookrunner, book manager, lead arranger",1,1,1
2818,66,"what roles do both bank of the west and bofa securities, inc. have in the agreement","bookrunner, book manager, lead arranger",1,1,1
2819,66,what roles do both bank of the west and citigroup global markets inc. have in the agreement,"bookrunner, book manager, lead arranger",1,1,1
2820,66,"what roles do both bank of the west and keybanc capital markets, inc. have in the agreement","bookrunner, book manager, lead arranger",1,1,1
2821,66,what roles do both bank of the west and u.s. bank national association have in the agreement,"bookrunner, book manager, lead arranger",1,1,1
2822,66,"what roles do both bank of the west and wells fargo securities, llc have in the agreement","bookrunner, book manager, lead arranger",1,1,1
2823,66,"what roles do both bank of the west and mufg bank, ltd. have in the agreement","bookrunner, book manager, lead arranger",1,1,1
2824,66,"what roles do both barclays bank plc and bofa securities, inc. have in the agreement","bookrunner, book manager, lead arranger",1,1,1
2825,66,what roles do both barclays bank plc and citigroup global markets inc. have in the agreement,"bookrunner, book manager, lead arranger",1,1,1
2826,66,"what roles do both barclays bank plc and keybanc capital markets, inc. have in the agreement","bookrunner, book manager, lead arranger",1,1,1
2827,66,what roles do both barclays bank plc and u.s. bank national association have in the agreement,"bookrunner, book manager, lead arranger",1,1,1
2828,66,"what roles do both barclays bank plc and wells fargo securities, llc have in the agreement","bookrunner, book manager, lead arranger",1,1,1
2829,66,"what roles do both barclays bank plc and mufg bank, ltd. have in the agreement","bookrunner, book manager, lead arranger",1,1,1
2830,66,"what roles do both bofa securities, inc. and citigroup global markets inc. have in the agreement","bookrunner, book manager, lead arranger",1,1,1
2831,66,"what roles do both bofa securities, inc. and keybanc capital markets, inc. have in the agreement","bookrunner, book manager, lead arranger",1,1,1
2832,66,"what roles do both bofa securities, inc. and wells fargo securities, llc have in the agreement","bookrunner, book manager, lead arranger",1,1,1
2833,66,"what roles do both citigroup global markets inc. and keybanc capital markets, inc. have in the agreement","bookrunner, book manager, lead arranger",1,1,1
2834,66,what roles do both citigroup global markets inc. and u.s. bank national association have in the agreement,"bookrunner, book manager, lead arranger",1,1,1
2835,66,"what roles do both citigroup global markets inc. and wells fargo securities, llc have in the agreement","bookrunner, book manager, lead arranger",1,1,1
2836,66,"what roles do both citigroup global markets inc. and mufg bank, ltd. have in the agreement","bookrunner, book manager, lead arranger",1,1,1
2837,66,"what roles do both keybanc capital markets, inc. and u.s. bank national association have in the agreement","bookrunner, book manager, lead arranger",1,1,1
2838,66,"what roles do both keybanc capital markets, inc. and wells fargo securities, llc have in the agreement","bookrunner, book manager, lead arranger",1,1,1
2839,66,"what roles do both keybanc capital markets, inc. and mufg bank, ltd. have in the agreement","bookrunner, book manager, lead arranger",1,1,1
2840,66,"what roles do both u.s. bank national association and wells fargo securities, llc have in the agreement","bookrunner, book manager, lead arranger",1,1,1
2841,66,"what roles do both u.s. bank national association and mufg bank, ltd. have in the agreement","bookrunner, book manager, lead arranger",1,1,1
2842,66,"what roles do both wells fargo securities, llc and mufg bank, ltd. have in the agreement","bookrunner, book manager, lead arranger",1,1,1
2843,66,which companies are both the bookrunner and the bookrunner in the agreement,"llc, ltd., inc., mufg bank, bofa securities, bank of the west, barclays bank plc, wells fargo securities, keybanc capital markets, bnp paribas securities corp., u.s. bank national association",1,1,1
2844,66,which companies are both the lead bookrunner and the bookrunner in the agreement,"llc, ltd., inc., mufg bank, bofa securities, bank of the west, barclays bank plc, wells fargo securities, keybanc capital markets, bnp paribas securities corp., u.s. bank national association",1,1,1
2845,66,which companies are both the lead arranger and the arranger in the agreement,"llc, ltd., inc., mufg bank, bofa securities, bank of the west, barclays bank plc, wells fargo securities, keybanc capital markets, bnp paribas securities corp., u.s. bank national association",1,1,1
2846,66,which companies are both the bookrunners and the bookrunners in the agreement,"llc, ltd., inc., mufg bank, bofa securities, bank of the west, barclays bank plc, wells fargo securities, keybanc capital markets, bnp paribas securities corp., u.s. bank national association",1,1,1
2847,66,which companies are both the lead arranger and the lead arranger in the agreement,"llc, ltd., inc., mufg bank, bofa securities, bank of the west, barclays bank plc, wells fargo securities, keybanc capital markets, bnp paribas securities corp., u.s. bank national association",1,1,1
2848,66,which companies are both the book runner and the book runner in the agreement,"llc, ltd., inc., mufg bank, bofa securities, bank of the west, barclays bank plc, wells fargo securities, keybanc capital markets, bnp paribas securities corp., u.s. bank national association",1,1,1
2849,66,which companies are both the book manager and the book manager in the agreement,"llc, ltd., inc., mufg bank, bofa securities, bank of the west, barclays bank plc, wells fargo securities, keybanc capital markets, bnp paribas securities corp., u.s. bank national association",1,1,1
2850,66,"who are the vice presidents of keybank, national association","ben snodgrass, tanille ingle",2,0,1
2851,66,"who are the directors of mufg bank, ltd.","kevin wood, cecile segovia",2,0,1
2852,66,"who are the managing directors of wells fargo bank, national association","darin mullis, erin robinson",2,0,1
2853,66,who are the senior vice presidents of u.s. bank national association,"kristie li, bret douglas, tom priedeman, joseph d. hricovsky, kathryn e. benjamin",2,0,1
2854,66,what are the roles in the agreement of the company where james riley is employed,"lender, revolver",2,0,1
2855,66,what are the roles in the agreement of the company where cecile segovia is employed,"agents, lender, arrangers, bookrunner, book manager, lead arranger",2,0,1
2856,66,what are the roles in the agreement of the company where kevin wood is employed,"agents, lender, arrangers, bookrunner, book manager, lead arranger",2,0,1
2857,66,what are the roles in the agreement of the company where erin robinson is employed,"agent, lender",2,0,1
2858,66,what are the roles in the agreement of the company where darin mullis is employed,"agent, lender",2,0,1
2859,66,what are the roles in the agreement of the company associated with bnp paribas securities corp.,"agents, arrangers, bookrunners",2,0,1
2860,66,what are the roles in the agreement of the company associated with bank of the west,"agents, arrangers, bookrunners",2,0,1
2861,66,what are the roles in the agreement of the company associated with barclays bank plc,"agents, arrangers, bookrunners",2,0,1
2862,66,"what are the roles in the agreement of the company associated with bofa securities, inc.","agents, arrangers, bookrunners",2,0,1
2863,66,what are the roles in the agreement of the company associated with citigroup global markets inc.,"agents, arrangers, bookrunners",2,0,1
2864,66,"what are the roles in the agreement of the company associated with keybanc capital markets, inc.","arrangers, bookrunners",2,0,1
2865,66,what are the roles in the agreement of the company associated with citibank n.a.,"lender, revolver",2,0,1
2866,66,"what are the roles in the agreement of the company associated with mufg bank, ltd.","agents, lender, arrangers, bookrunners",2,0,1
2937,9,who are the authorized signatorys of royal bank of canada,"mark walton, james disher",2,0,1
2938,9,who are the directors of barclays bank plc,"ann e. sutton, mikhail faybusovich",2,0,1
2939,9,"who are the senior vice presidents of suncoke energy partners, l.p.","eric searls, mark e. newman, jonathan m. phillips",2,0,1
2940,9,what are the roles in the agreement of the company where ann e. sutton is employed,"agent, lender, arranger, bookrunner",2,0,1
2941,9,what are the roles in the agreement of the company where mikhail faybusovich is employed,"agent, lender, arranger, bookrunner",2,0,1
2942,9,what are the roles in the agreement of the company where peter predun is employed,"agent, lender",2,0,1
2943,9,what are the roles in the agreement of the company where ido yehuda is employed,"agent, lender",2,0,1
2944,9,what are the roles in the agreement of the company associated with rbs securities inc,"arranger, bookrunner",2,0,1
2945,9,what are the roles in the agreement of the company associated with barclays bank plc,"agent, lender, arranger, bookrunner",2,0,1
2946,9,"what are the roles in the agreement of the company associated with jpmorgan chase bank, n.a.","agent, lender",2,0,1
2973,65,what roles do both bofa securities and citizens ban have in the agreement,"bookrunner, book manager, lead arranger",1,1,1
2974,65,what roles do both bofa securities and credit suisse have in the agreement,"bookrunner, book manager, lead arranger",1,1,1
2975,65,what roles do both bofa securities and dbsi have in the agreement,"bookrunner, book manager, lead arranger",1,1,1
2976,65,what roles do both bofa securities and fifth third have in the agreement,"bookrunner, book manager, lead arranger",1,1,1
2977,65,what roles do both bofa securities and goldman have in the agreement,"bookrunner, book manager, lead arranger",1,1,1
2978,65,what roles do both bofa securities and keybank have in the agreement,"bookrunner, book manager, lead arranger",1,1,1
2979,65,what roles do both bofa securities and truist securities have in the agreement,"bookrunner, book manager, lead arranger",1,1,1
2980,65,what roles do both citizens ban and credit suisse have in the agreement,"bookrunner, book manager, lead arranger",1,1,1
2981,65,what roles do both citizens ban and dbsi have in the agreement,"bookrunner, book manager, lead arranger",1,1,1
2982,65,what roles do both citizens ban and fifth third have in the agreement,"bookrunner, book manager, lead arranger",1,1,1
2983,65,what roles do both citizens ban and goldman have in the agreement,"bookrunner, book manager, lead arranger",1,1,1
2984,65,what roles do both citizens ban and keybank have in the agreement,"bookrunner, book manager, lead arranger",1,1,1
2985,65,what roles do both citizens ban and truist securities have in the agreement,"bookrunner, book manager, lead arranger",1,1,1
2986,65,what roles do both credit suisse and dbsi have in the agreement,"bookrunner, book manager, lead arranger",1,1,1
2987,65,what roles do both credit suisse and fifth third have in the agreement,"bookrunner, book manager, lead arranger",1,1,1
2988,65,what roles do both credit suisse and goldman have in the agreement,"bookrunner, book manager, lead arranger",1,1,1
2989,65,what roles do both credit suisse and keybank have in the agreement,"bookrunner, book manager, lead arranger",1,1,1
2990,65,what roles do both credit suisse and truist securities have in the agreement,"bookrunner, book manager, lead arranger",1,1,1
2991,65,what roles do both dbsi and fifth third have in the agreement,"bookrunner, book manager, lead arranger",1,1,1
2992,65,what roles do both dbsi and goldman have in the agreement,"bookrunner, book manager, lead arranger",1,1,1
2993,65,what roles do both dbsi and keybank have in the agreement,"bookrunner, book manager, lead arranger",1,1,1
2994,65,what roles do both dbsi and truist securities have in the agreement,"bookrunner, book manager, lead arranger",1,1,1
2995,65,what roles do both fifth third and goldman have in the agreement,"bookrunner, book manager, lead arranger",1,1,1
2996,65,what roles do both fifth third and keybank have in the agreement,"bookrunner, book manager, lead arranger",1,1,1
2997,65,what roles do both fifth third and truist securities have in the agreement,"bookrunner, book manager, lead arranger",1,1,1
2998,65,what roles do both goldman and keybank have in the agreement,"bookrunner, book manager, lead arranger",1,1,1
2999,65,what roles do both goldman and truist securities have in the agreement,"bookrunner, book manager, lead arranger",1,1,1
3000,65,what roles do both keybank and truist securities have in the agreement,"bookrunner, book manager, lead arranger",1,1,1
3001,65,which companies are both the bookrunner and the bookrunner in the agreement,"dbsi, keybank, goldman, fifth third, citizens ban, credit suisse, bofa securities, truist securities",1,1,1
3002,65,which companies are both the lead bookrunner and the bookrunner in the agreement,"dbsi, keybank, goldman, fifth third, citizens ban, credit suisse, bofa securities, truist securities",1,1,1
3003,65,which companies are both the lead arranger and the arranger in the agreement,"dbsi, keybank, goldman, fifth third, citizens ban, credit suisse, bofa securities, truist securities",1,1,1
3004,65,which companies are both the bookrunners and the bookrunners in the agreement,"dbsi, keybank, goldman, fifth third, citizens ban, credit suisse, bofa securities, truist securities",1,1,1
3005,65,which companies are both the lead arranger and the lead arranger in the agreement,"dbsi, keybank, goldman, fifth third, citizens ban, credit suisse, bofa securities, truist securities",1,1,1
3006,65,which companies are both the book runner and the book runner in the agreement,"dbsi, keybank, goldman, fifth third, citizens ban, credit suisse, bofa securities, truist securities",1,1,1
3007,65,which companies are both the book manager and the book manager in the agreement,"dbsi, keybank, goldman, fifth third, citizens ban, credit suisse, bofa securities, truist securities",1,1,1
3008,65,who are the vice presidents of deutsche bank ag new york branch,"yumi okabe, philip tancorra",2,0,1
3009,65,who are the senior vice presidents of fifth third bank,"lise hinton, matthew j. bradley",2,0,1
3010,65,who are the authorized signatorys of goldman sachs bank usa,"andrew griffin, thomas manning, whitney gaston",2,0,1
3011,65,what are the roles in the agreement of the company where sean mcwhinnie is employed,"agent, issuer, lender",2,0,1
3012,65,what are the roles in the agreement of the company associated with bofa securities,"arrangers, bookrunners",2,0,1
3013,65,what are the roles in the agreement of the company associated with citizens ban,"arrangers, bookrunners",2,0,1
3014,65,what are the roles in the agreement of the company associated with credit suisse,"arrangers, bookrunners",2,0,1
3015,65,what are the roles in the agreement of the company associated with dbsi,"arrangers, bookrunners",2,0,1
3016,65,what are the roles in the agreement of the company associated with fifth third,"arrangers, bookrunners",2,0,1
3017,65,what are the roles in the agreement of the company associated with goldman,"arrangers, bookrunners",2,0,1
3018,65,what are the roles in the agreement of the company associated with keybank,"arrangers, bookrunners",2,0,1
3019,65,what are the roles in the agreement of the company associated with truist securities,"arrangers, bookrunners",2,0,1
3020,65,"what are the roles in the agreement of the company associated with citizens bank, n.a.","agent, issuer, lender",2,0,1
3316,47,"who are the senior vice presidents of bank of america, n.a.","kristie li, robert laporte",2,0,1
3317,47,who are the vice presidents of deutsche bank ag new york branch,"ming k. chu, anthony galea, marni mcmanus, virginia cosenza, philip f. kurpiewski, john p. treadwell jr.",2,0,1
3318,47,what are the roles in the agreement of the company where bremmer kneib is employed,"lender, co syndication agents",2,0,1
3319,47,what are the roles in the agreement of the company where brian mcnany is employed,"lender, bookrunners, co syndication agents",2,0,1
3320,47,what are the roles in the agreement of the company where robert laporte is employed,"lender, co syndication agents",2,0,1
3321,47,what are the roles in the agreement of the company where kristie li is employed,"lender, co syndication agents",2,0,1
3322,47,what are the roles in the agreement of the company where kirk tesch is employed,"lender, administrative agent",2,0,1
3323,47,what are the roles in the agreement of the company where john p. treadwell jr. is employed,"lender, lead arrangers, co syndication agents",2,0,1
3324,47,what are the roles in the agreement of the company where philip f. kurpiewski is employed,"lender, lead arrangers, co syndication agents",2,0,1
3325,47,what are the roles in the agreement of the company where marni mcmanus is employed,"lender, lead arrangers, co syndication agents",2,0,1
3326,47,what are the roles in the agreement of the company where anthony galea is employed,"lender, lead arrangers, co syndication agents",2,0,1
3327,47,what are the roles in the agreement of the company where virginia cosenza is employed,"lender, lead arrangers, co syndication agents",2,0,1
3328,47,what are the roles in the agreement of the company where ming k. chu is employed,"lender, lead arrangers, co syndication agents",2,0,1
3329,47,"what are the roles in the agreement of the company associated with merrill lynch, pierce, fenner smith incorporated,","bookrunners, lead arrangers",2,0,1
3330,47,"what are the roles in the agreement of the company associated with pnc capital markets llc,","bookrunners, lead arrangers",2,0,1
3331,47,"what are the roles in the agreement of the company associated with wells fargo securities, llc,","bookrunners, lead arrangers",2,0,1
3332,47,"what are the roles in the agreement of the company associated with pnc bank, national association","lender, co syndication agents",2,0,1
3333,47,"what are the roles in the agreement of the company associated with the bank of tokyo mitsubishi ufj, ltd.","lender, bookrunners, co syndication agents",2,0,1
3334,47,"what are the roles in the agreement of the company associated with bank of america, n.a.","lender, co syndication agents",2,0,1
3335,47,what are the roles in the agreement of the company associated with deutsche bank ag new york branch,"lender, lead arrangers, co syndication agents",2,0,1
3494,51,what are the roles in the agreement of the company where cody gunsch is employed,"agent, lender, arrangers, bookrunners",2,0,1
3495,51,"what are the roles in the agreement of the company associated with citigroup global markets, inc.","arrangers, bookrunners",2,0,1
3496,51,what are the roles in the agreement of the company associated with natixis securities americas llc,"arrangers, bookrunners",2,0,1
3497,51,what are the roles in the agreement of the company associated with rbc capital markets1,"arrangers, bookrunners",2,0,1
3498,51,"what are the roles in the agreement of the company associated with morgan stanley senior funding, inc.","agent, lender, arrangers, bookrunners",2,0,1
3507,45,which companies are both the subsidiary borrower and the borrower in the agreement,"inc, pinnacle financial partners",1,1,1
3508,45,which companies are both the subsidiary guarantor and the guarantor in the agreement,"inc, pinnacle financial partners",1,1,1
